"file","caption","category","png_time","StartTime"
"bio1_sizeatage.png","Length at age in the beginning of the year (or season) in the ending year of the model. Shaded area indicates 95% distribution of length at age around estimated growth curve.","Bio",2017-07-06 10:12:10,"StartTime: Thu Jul 06 08:29:46 2017"
"bio2_sizeatage_plus_CV_and_SD.png","Length at age (top-left panel) with CV (thick line) and SD (thin line) of length at age shown in top-right and lower-left panels","Bio",2017-07-06 10:12:10,"StartTime: Thu Jul 06 08:29:46 2017"
"bio3_sizeatage_plus_WT_and_MAT.png","Length at age (top-left panel) with weight (thick line) and maturity (thin line) shown in top-right and lower-left panels","Bio",2017-07-06 10:12:10,"StartTime: Thu Jul 06 08:29:46 2017"
"bio5_weightatsize.png","Weight-length relationship for females","Bio",2017-07-06 10:12:10,"StartTime: Thu Jul 06 08:29:46 2017"
"bio6_maturity.png","Maturity at length","Bio",2017-07-06 10:12:10,"StartTime: Thu Jul 06 08:29:46 2017"
"bio7_fecundity.png","Fecundity","Bio",2017-07-06 10:12:10,"StartTime: Thu Jul 06 08:29:46 2017"
"bio8_fecundity_wt.png","Fecundity as a function of weight","Bio",2017-07-06 10:12:10,"StartTime: Thu Jul 06 08:29:46 2017"
"bio9_fecundity_len.png","Fecundity as a function of length","Bio",2017-07-06 10:12:10,"StartTime: Thu Jul 06 08:29:46 2017"
"bio10_spawningoutput.png","Spawning output at length","Bio",2017-07-06 10:12:10,"StartTime: Thu Jul 06 08:29:46 2017"
"sel01_multiple_fleets_length1.png","Selectivity at length for multiple fleets.","Sel",2017-07-06 10:12:10,"StartTime: Thu Jul 06 08:29:46 2017"
"sel02_multiple_fleets_age1.png","Selectivity at age for multiple fleets.","Sel",2017-07-06 10:12:10,"StartTime: Thu Jul 06 08:29:46 2017"
"sel02_multiple_fleets_age2.png","Selectivity at age derived from selectivity at length for multiple fleets.","Sel",2017-07-06 10:12:10,"StartTime: Thu Jul 06 08:29:46 2017"
"sel03_len_timevary_surf_flt1sex1.png","Surface plot of Female time-varying selectivity for ComHL","Sel",2017-07-06 10:12:10,"StartTime: Thu Jul 06 08:29:46 2017"
"sel04_len_timevary_contour_flt1sex1.png","Countour plot of Female time-varying selectivity for ComHL","Sel",2017-07-06 10:12:10,"StartTime: Thu Jul 06 08:29:46 2017"
"sel09_len_flt1sex1.png","Female ending year selectivity for ComHL","Sel",2017-07-06 10:12:10,"StartTime: Thu Jul 06 08:29:46 2017"
"sel03_len_timevary_surf_flt1sex2.png","Surface plot of Male time-varying selectivity for ComHL","Sel",2017-07-06 10:12:10,"StartTime: Thu Jul 06 08:29:46 2017"
"sel04_len_timevary_contour_flt1sex2.png","Countour plot of Male time-varying selectivity for ComHL","Sel",2017-07-06 10:12:10,"StartTime: Thu Jul 06 08:29:46 2017"
"sel09_len_flt1sex2.png","Male ending year selectivity for ComHL","Sel",2017-07-06 10:12:10,"StartTime: Thu Jul 06 08:29:46 2017"
"sel03_len_timevary_surf_flt2sex1.png","Surface plot of Female time-varying selectivity for ComNet","Sel",2017-07-06 10:12:10,"StartTime: Thu Jul 06 08:29:46 2017"
"sel04_len_timevary_contour_flt2sex1.png","Countour plot of Female time-varying selectivity for ComNet","Sel",2017-07-06 10:12:10,"StartTime: Thu Jul 06 08:29:46 2017"
"sel09_len_flt2sex1.png","Female ending year selectivity for ComNet","Sel",2017-07-06 10:12:10,"StartTime: Thu Jul 06 08:29:46 2017"
"sel03_len_timevary_surf_flt2sex2.png","Surface plot of Male time-varying selectivity for ComNet","Sel",2017-07-06 10:12:10,"StartTime: Thu Jul 06 08:29:46 2017"
"sel04_len_timevary_contour_flt2sex2.png","Countour plot of Male time-varying selectivity for ComNet","Sel",2017-07-06 10:12:10,"StartTime: Thu Jul 06 08:29:46 2017"
"sel09_len_flt2sex2.png","Male ending year selectivity for ComNet","Sel",2017-07-06 10:12:10,"StartTime: Thu Jul 06 08:29:46 2017"
"sel03_len_timevary_surf_flt3sex1.png","Surface plot of Female time-varying selectivity for ComTrawl","Sel",2017-07-06 10:12:10,"StartTime: Thu Jul 06 08:29:46 2017"
"sel04_len_timevary_contour_flt3sex1.png","Countour plot of Female time-varying selectivity for ComTrawl","Sel",2017-07-06 10:12:10,"StartTime: Thu Jul 06 08:29:46 2017"
"sel09_len_flt3sex1.png","Female ending year selectivity for ComTrawl","Sel",2017-07-06 10:12:10,"StartTime: Thu Jul 06 08:29:46 2017"
"sel03_len_timevary_surf_flt3sex2.png","Surface plot of Male time-varying selectivity for ComTrawl","Sel",2017-07-06 10:12:10,"StartTime: Thu Jul 06 08:29:46 2017"
"sel04_len_timevary_contour_flt3sex2.png","Countour plot of Male time-varying selectivity for ComTrawl","Sel",2017-07-06 10:12:10,"StartTime: Thu Jul 06 08:29:46 2017"
"sel09_len_flt3sex2.png","Male ending year selectivity for ComTrawl","Sel",2017-07-06 10:12:10,"StartTime: Thu Jul 06 08:29:46 2017"
"sel03_len_timevary_surf_flt4sex1.png","Surface plot of Female time-varying selectivity for RecPR","Sel",2017-07-06 10:12:10,"StartTime: Thu Jul 06 08:29:46 2017"
"sel04_len_timevary_contour_flt4sex1.png","Countour plot of Female time-varying selectivity for RecPR","Sel",2017-07-06 10:12:10,"StartTime: Thu Jul 06 08:29:46 2017"
"sel09_len_flt4sex1.png","Female ending year selectivity for RecPR","Sel",2017-07-06 10:12:10,"StartTime: Thu Jul 06 08:29:46 2017"
"sel03_len_timevary_surf_flt4sex2.png","Surface plot of Male time-varying selectivity for RecPR","Sel",2017-07-06 10:12:10,"StartTime: Thu Jul 06 08:29:46 2017"
"sel04_len_timevary_contour_flt4sex2.png","Countour plot of Male time-varying selectivity for RecPR","Sel",2017-07-06 10:12:10,"StartTime: Thu Jul 06 08:29:46 2017"
"sel09_len_flt4sex2.png","Male ending year selectivity for RecPR","Sel",2017-07-06 10:12:10,"StartTime: Thu Jul 06 08:29:46 2017"
"sel03_len_timevary_surf_flt5sex1.png","Surface plot of Female time-varying selectivity for RecPC","Sel",2017-07-06 10:12:10,"StartTime: Thu Jul 06 08:29:46 2017"
"sel04_len_timevary_contour_flt5sex1.png","Countour plot of Female time-varying selectivity for RecPC","Sel",2017-07-06 10:12:10,"StartTime: Thu Jul 06 08:29:46 2017"
"sel09_len_flt5sex1.png","Female ending year selectivity for RecPC","Sel",2017-07-06 10:12:10,"StartTime: Thu Jul 06 08:29:46 2017"
"sel03_len_timevary_surf_flt5sex2.png","Surface plot of Male time-varying selectivity for RecPC","Sel",2017-07-06 10:12:10,"StartTime: Thu Jul 06 08:29:46 2017"
"sel04_len_timevary_contour_flt5sex2.png","Countour plot of Male time-varying selectivity for RecPC","Sel",2017-07-06 10:12:10,"StartTime: Thu Jul 06 08:29:46 2017"
"sel09_len_flt5sex2.png","Male ending year selectivity for RecPC","Sel",2017-07-06 10:12:10,"StartTime: Thu Jul 06 08:29:46 2017"
"sel09_len_flt6sex1.png","Female ending year selectivity for RecDD","Sel",2017-07-06 10:12:10,"StartTime: Thu Jul 06 08:29:46 2017"
"sel09_len_flt6sex2.png","Male ending year selectivity for RecDD","Sel",2017-07-06 10:12:10,"StartTime: Thu Jul 06 08:29:46 2017"
"sel09_len_flt7sex1.png","Female ending year selectivity for Sanitation","Sel",2017-07-06 10:12:10,"StartTime: Thu Jul 06 08:29:46 2017"
"sel09_len_flt7sex2.png","Male ending year selectivity for Sanitation","Sel",2017-07-06 10:12:10,"StartTime: Thu Jul 06 08:29:46 2017"
"sel09_len_flt8sex1.png","Female ending year selectivity for NWFSCTrawl","Sel",2017-07-06 10:12:10,"StartTime: Thu Jul 06 08:29:46 2017"
"sel09_len_flt8sex2.png","Male ending year selectivity for NWFSCTrawl","Sel",2017-07-06 10:12:10,"StartTime: Thu Jul 06 08:29:46 2017"
"sel09_len_flt9sex1.png","Female ending year selectivity for GillnetSurvey","Sel",2017-07-06 10:12:10,"StartTime: Thu Jul 06 08:29:46 2017"
"sel09_len_flt9sex2.png","Male ending year selectivity for GillnetSurvey","Sel",2017-07-06 10:12:10,"StartTime: Thu Jul 06 08:29:46 2017"
"sel09_len_flt11sex1.png","Female ending year selectivity for SCBSurvey","Sel",2017-07-06 10:12:10,"StartTime: Thu Jul 06 08:29:46 2017"
"sel09_len_flt11sex2.png","Male ending year selectivity for SCBSurvey","Sel",2017-07-06 10:12:10,"StartTime: Thu Jul 06 08:29:46 2017"
"sel03_len_timevary_surf_flt12sex1.png","Surface plot of Female time-varying selectivity for RecPCOBR","Sel",2017-07-06 10:12:10,"StartTime: Thu Jul 06 08:29:46 2017"
"sel04_len_timevary_contour_flt12sex1.png","Countour plot of Female time-varying selectivity for RecPCOBR","Sel",2017-07-06 10:12:10,"StartTime: Thu Jul 06 08:29:46 2017"
"sel09_len_flt12sex1.png","Female ending year selectivity for RecPCOBR","Sel",2017-07-06 10:12:10,"StartTime: Thu Jul 06 08:29:46 2017"
"sel03_len_timevary_surf_flt12sex2.png","Surface plot of Male time-varying selectivity for RecPCOBR","Sel",2017-07-06 10:12:10,"StartTime: Thu Jul 06 08:29:46 2017"
"sel04_len_timevary_contour_flt12sex2.png","Countour plot of Male time-varying selectivity for RecPCOBR","Sel",2017-07-06 10:12:10,"StartTime: Thu Jul 06 08:29:46 2017"
"sel09_len_flt12sex2.png","Male ending year selectivity for RecPCOBR","Sel",2017-07-06 10:12:10,"StartTime: Thu Jul 06 08:29:46 2017"
"sel21_agelen_contour_flt1sex1.png","Female ending year selectivity and growth for ComHL","Sel",2017-07-06 10:12:10,"StartTime: Thu Jul 06 08:29:46 2017"
"sel21_agelen_contour_flt1sex2.png","Male ending year selectivity and growth for ComHL","Sel",2017-07-06 10:12:10,"StartTime: Thu Jul 06 08:29:46 2017"
"sel21_agelen_contour_flt2sex1.png","Female ending year selectivity and growth for ComNet","Sel",2017-07-06 10:12:10,"StartTime: Thu Jul 06 08:29:46 2017"
"sel21_agelen_contour_flt2sex2.png","Male ending year selectivity and growth for ComNet","Sel",2017-07-06 10:12:10,"StartTime: Thu Jul 06 08:29:46 2017"
"sel21_agelen_contour_flt3sex1.png","Female ending year selectivity and growth for ComTrawl","Sel",2017-07-06 10:12:10,"StartTime: Thu Jul 06 08:29:46 2017"
"sel21_agelen_contour_flt3sex2.png","Male ending year selectivity and growth for ComTrawl","Sel",2017-07-06 10:12:10,"StartTime: Thu Jul 06 08:29:46 2017"
"sel21_agelen_contour_flt4sex1.png","Female ending year selectivity and growth for RecPR","Sel",2017-07-06 10:12:10,"StartTime: Thu Jul 06 08:29:46 2017"
"sel21_agelen_contour_flt4sex2.png","Male ending year selectivity and growth for RecPR","Sel",2017-07-06 10:12:10,"StartTime: Thu Jul 06 08:29:46 2017"
"sel21_agelen_contour_flt5sex1.png","Female ending year selectivity and growth for RecPC","Sel",2017-07-06 10:12:10,"StartTime: Thu Jul 06 08:29:46 2017"
"sel21_agelen_contour_flt5sex2.png","Male ending year selectivity and growth for RecPC","Sel",2017-07-06 10:12:10,"StartTime: Thu Jul 06 08:29:46 2017"
"sel21_agelen_contour_flt6sex1.png","Female ending year selectivity and growth for RecDD","Sel",2017-07-06 10:12:10,"StartTime: Thu Jul 06 08:29:46 2017"
"sel21_agelen_contour_flt6sex2.png","Male ending year selectivity and growth for RecDD","Sel",2017-07-06 10:12:10,"StartTime: Thu Jul 06 08:29:46 2017"
"sel21_agelen_contour_flt7sex1.png","Female ending year selectivity and growth for Sanitation","Sel",2017-07-06 10:12:10,"StartTime: Thu Jul 06 08:29:46 2017"
"sel21_agelen_contour_flt7sex2.png","Male ending year selectivity and growth for Sanitation","Sel",2017-07-06 10:12:10,"StartTime: Thu Jul 06 08:29:46 2017"
"sel21_agelen_contour_flt8sex1.png","Female ending year selectivity and growth for NWFSCTrawl","Sel",2017-07-06 10:12:10,"StartTime: Thu Jul 06 08:29:46 2017"
"sel21_agelen_contour_flt8sex2.png","Male ending year selectivity and growth for NWFSCTrawl","Sel",2017-07-06 10:12:10,"StartTime: Thu Jul 06 08:29:46 2017"
"sel21_agelen_contour_flt9sex1.png","Female ending year selectivity and growth for GillnetSurvey","Sel",2017-07-06 10:12:10,"StartTime: Thu Jul 06 08:29:46 2017"
"sel21_agelen_contour_flt9sex2.png","Male ending year selectivity and growth for GillnetSurvey","Sel",2017-07-06 10:12:10,"StartTime: Thu Jul 06 08:29:46 2017"
"sel21_agelen_contour_flt11sex1.png","Female ending year selectivity and growth for SCBSurvey","Sel",2017-07-06 10:12:10,"StartTime: Thu Jul 06 08:29:46 2017"
"sel21_agelen_contour_flt11sex2.png","Male ending year selectivity and growth for SCBSurvey","Sel",2017-07-06 10:12:10,"StartTime: Thu Jul 06 08:29:46 2017"
"sel21_agelen_contour_flt12sex1.png","Female ending year selectivity and growth for RecPCOBR","Sel",2017-07-06 10:12:10,"StartTime: Thu Jul 06 08:29:46 2017"
"sel21_agelen_contour_flt12sex2.png","Male ending year selectivity and growth for RecPCOBR","Sel",2017-07-06 10:12:10,"StartTime: Thu Jul 06 08:29:46 2017"
"ts1_Total_biomass_(mt).png","Total biomass (mt)","Timeseries",2017-07-06 10:12:10,"StartTime: Thu Jul 06 08:29:46 2017"
"ts4_Summary_biomass_(mt).png","Summary biomass (mt)","Timeseries",2017-07-06 10:12:10,"StartTime: Thu Jul 06 08:29:46 2017"
"ts7_Spawning_biomass_(mt).png","Spawning biomass (mt)","Timeseries",2017-07-06 10:12:10,"StartTime: Thu Jul 06 08:29:46 2017"
"ts7_Spawning_biomass_(mt)_with_95_asymptotic_intervals_intervals.png","Spawning biomass (mt) with ~95% asymptotic intervals","Timeseries",2017-07-06 10:12:10,"StartTime: Thu Jul 06 08:29:46 2017"
"ts9_Spawning_depletion.png","Spawning depletion","Timeseries",2017-07-06 10:12:10,"StartTime: Thu Jul 06 08:29:46 2017"
"ts9_Spawning_depletion_with_95_asymptotic_intervals_intervals.png","Spawning depletion with ~95% asymptotic intervals","Timeseries",2017-07-06 10:12:10,"StartTime: Thu Jul 06 08:29:46 2017"
"ts11_Age-0_recruits_(1000s).png","Age-0 recruits (1,000s)","Timeseries",2017-07-06 10:12:10,"StartTime: Thu Jul 06 08:29:46 2017"
"ts11_Age-0_recruits_(1000s)_with_95_asymptotic_intervals.png","Age-0 recruits (1,000s) with ~95% asymptotic intervals","Timeseries",2017-07-06 10:12:10,"StartTime: Thu Jul 06 08:29:46 2017"
"ts_summaryF.png","Summary F (definition of F depends on setting in starter.ss)","Timeseries",2017-07-06 10:12:10,"StartTime: Thu Jul 06 08:29:46 2017"
"recdevs1_points.png","Recruitment deviations","RecDev",2017-07-06 10:12:10,"StartTime: Thu Jul 06 08:29:46 2017"
"recdevs2_withbars.png","Recruitment deviations with 95% intervals","RecDev",2017-07-06 10:12:10,"StartTime: Thu Jul 06 08:29:46 2017"
"recdevs3_varcheck.png","Recruitment deviations variance check.<br> See later figure of transformed variance values for comparison with bias adjustment settings in the model.","RecDev",2017-07-06 10:12:10,"StartTime: Thu Jul 06 08:29:46 2017"
"recruit_fit_bias_adjust.png","Points are transformed variances. Red line shows current settings forfor bias adjustment specified in control file.Blue line shows least squares estimate of alternative bias adjustmentrelationship for recruitment deviations (which may or may not be animprovement. For more information, see<br> 
<blockquote>Methot, R.D. and Taylor, I.G., 2011. Adjusting for bias due to variability of estimated recruitments in fishery assessment models. <i>Can. J. Fish. Aquat. Sci.</i>, 68:1744-1760.</blockquote><br> 
Estimated alternative inputs to SS control file associated with blue line in figure: 
<pre>1936.4   #_last_early_yr_nobias_adj_in_MPD 
2009.0   #_first_yr_fullbias_adj_in_MPD 
2014.9   #_last_yr_fullbias_adj_in_MPD 
2016.0   #_first_recent_yr_nobias_adj_in_MPD 
0.6802   #_max_bias_adj_in_MPD (1.0 to mimic pre-2009 models)   </pre>","RecDev",2017-07-06 10:12:10,"StartTime: Thu Jul 06 08:29:46 2017"
"SR_curve.png","Spawner-recruit curve","S-R",2017-07-06 10:12:10,"StartTime: Thu Jul 06 08:29:46 2017"
"SR_curve2.png","Spawner-recruit curve with labels on first, last, and years with (log) deviations > 0.5","S-R",2017-07-06 10:12:10,"StartTime: Thu Jul 06 08:29:46 2017"
"catch1 landings.png","landings","Catch",2017-07-06 10:12:10,"StartTime: Thu Jul 06 08:29:46 2017"
"catch2 landings stacked.png","landings stacked","Catch",2017-07-06 10:12:10,"StartTime: Thu Jul 06 08:29:46 2017"
"catch9 harvest rate.png","harvest rate","Catch",2017-07-06 10:12:10,"StartTime: Thu Jul 06 08:29:46 2017"
"SPR1_series.png","Timeseries of SPR","SPR",2017-07-06 10:12:10,"StartTime: Thu Jul 06 08:29:46 2017"
"SPR2_minusSPRseries.png","Timeseries of 1-SPR","SPR",2017-07-06 10:12:10,"StartTime: Thu Jul 06 08:29:46 2017"
"SPR3_ratiointerval.png","Timeseries of SPR ratio","SPR",2017-07-06 10:12:10,"StartTime: Thu Jul 06 08:29:46 2017"
"SPR4_phase.png","Phase plot of biomass ratio vs. SPR ratio","SPR",2017-07-06 10:12:10,"StartTime: Thu Jul 06 08:29:46 2017"
"index1_cpuedata_RecPR.png","Index data for RecPR. Lines indicate 95% uncertainty interval around index values. Thicker lines (if present) indicate input uncertainty before addition of estimated additional uncertainty parameter.","Index",2017-07-06 10:12:10,"StartTime: Thu Jul 06 08:29:46 2017"
"index2_cpuefit_RecPR.png","Fit to index data for RecPR. Lines indicate 95% uncertainty interval around index values. Thicker lines (if present) indicate input uncertainty before addition of estimated additional uncertainty parameter.","Index",2017-07-06 10:12:10,"StartTime: Thu Jul 06 08:29:46 2017"
"index3_cpuecheck_RecPR.png","Observed vs. expected index values with smoother for RecPR","Index",2017-07-06 10:12:10,"StartTime: Thu Jul 06 08:29:46 2017"
"index4_logcpuedata_RecPR.png","Log index data for RecPR. Lines indicate 95% uncertainty interval around index values. Thicker lines (if present) indicate input uncertainty before addition of estimated additional uncertainty parameter.","Index",2017-07-06 10:12:10,"StartTime: Thu Jul 06 08:29:46 2017"
"index5_logcpuefit_RecPR.png","Fit to log index data on log scale for RecPR. Lines indicate 95% uncertainty interval around index values. Thicker lines (if present) indicate input uncertainty before addition of estimated additional uncertainty parameter.","Index",2017-07-06 10:12:10,"StartTime: Thu Jul 06 08:29:46 2017"
"index6_logcpuecheck_RecPR.png","log(observed) vs. log(expected) index values with smoother for RecPR","Index",2017-07-06 10:12:10,"StartTime: Thu Jul 06 08:29:46 2017"
"index1_cpuedata_RecPC.png","Index data for RecPC. Lines indicate 95% uncertainty interval around index values. Thicker lines (if present) indicate input uncertainty before addition of estimated additional uncertainty parameter.","Index",2017-07-06 10:12:10,"StartTime: Thu Jul 06 08:29:46 2017"
"index2_cpuefit_RecPC.png","Fit to index data for RecPC. Lines indicate 95% uncertainty interval around index values. Thicker lines (if present) indicate input uncertainty before addition of estimated additional uncertainty parameter.","Index",2017-07-06 10:12:10,"StartTime: Thu Jul 06 08:29:46 2017"
"index3_cpuecheck_RecPC.png","Observed vs. expected index values with smoother for RecPC","Index",2017-07-06 10:12:10,"StartTime: Thu Jul 06 08:29:46 2017"
"index4_logcpuedata_RecPC.png","Log index data for RecPC. Lines indicate 95% uncertainty interval around index values. Thicker lines (if present) indicate input uncertainty before addition of estimated additional uncertainty parameter.","Index",2017-07-06 10:12:10,"StartTime: Thu Jul 06 08:29:46 2017"
"index5_logcpuefit_RecPC.png","Fit to log index data on log scale for RecPC. Lines indicate 95% uncertainty interval around index values. Thicker lines (if present) indicate input uncertainty before addition of estimated additional uncertainty parameter.","Index",2017-07-06 10:12:10,"StartTime: Thu Jul 06 08:29:46 2017"
"index6_logcpuecheck_RecPC.png","log(observed) vs. log(expected) index values with smoother for RecPC","Index",2017-07-06 10:12:10,"StartTime: Thu Jul 06 08:29:46 2017"
"index1_cpuedata_RecDD.png","Index data for RecDD. Lines indicate 95% uncertainty interval around index values. Thicker lines (if present) indicate input uncertainty before addition of estimated additional uncertainty parameter.","Index",2017-07-06 10:12:10,"StartTime: Thu Jul 06 08:29:46 2017"
"index2_cpuefit_RecDD.png","Fit to index data for RecDD. Lines indicate 95% uncertainty interval around index values. Thicker lines (if present) indicate input uncertainty before addition of estimated additional uncertainty parameter.","Index",2017-07-06 10:12:10,"StartTime: Thu Jul 06 08:29:46 2017"
"index3_cpuecheck_RecDD.png","Observed vs. expected index values with smoother for RecDD","Index",2017-07-06 10:12:10,"StartTime: Thu Jul 06 08:29:46 2017"
"index4_logcpuedata_RecDD.png","Log index data for RecDD. Lines indicate 95% uncertainty interval around index values. Thicker lines (if present) indicate input uncertainty before addition of estimated additional uncertainty parameter.","Index",2017-07-06 10:12:10,"StartTime: Thu Jul 06 08:29:46 2017"
"index5_logcpuefit_RecDD.png","Fit to log index data on log scale for RecDD. Lines indicate 95% uncertainty interval around index values. Thicker lines (if present) indicate input uncertainty before addition of estimated additional uncertainty parameter.","Index",2017-07-06 10:12:10,"StartTime: Thu Jul 06 08:29:46 2017"
"index6_logcpuecheck_RecDD.png","log(observed) vs. log(expected) index values with smoother for RecDD","Index",2017-07-06 10:12:10,"StartTime: Thu Jul 06 08:29:46 2017"
"index1_cpuedata_Sanitation.png","Index data for Sanitation. Lines indicate 95% uncertainty interval around index values. Thicker lines (if present) indicate input uncertainty before addition of estimated additional uncertainty parameter.","Index",2017-07-06 10:12:10,"StartTime: Thu Jul 06 08:29:46 2017"
"index2_cpuefit_Sanitation.png","Fit to index data for Sanitation. Lines indicate 95% uncertainty interval around index values. Thicker lines (if present) indicate input uncertainty before addition of estimated additional uncertainty parameter.","Index",2017-07-06 10:12:10,"StartTime: Thu Jul 06 08:29:46 2017"
"index3_cpuecheck_Sanitation.png","Observed vs. expected index values with smoother for Sanitation","Index",2017-07-06 10:12:10,"StartTime: Thu Jul 06 08:29:46 2017"
"index4_logcpuedata_Sanitation.png","Log index data for Sanitation. Lines indicate 95% uncertainty interval around index values. Thicker lines (if present) indicate input uncertainty before addition of estimated additional uncertainty parameter.","Index",2017-07-06 10:12:10,"StartTime: Thu Jul 06 08:29:46 2017"
"index5_logcpuefit_Sanitation.png","Fit to log index data on log scale for Sanitation. Lines indicate 95% uncertainty interval around index values. Thicker lines (if present) indicate input uncertainty before addition of estimated additional uncertainty parameter.","Index",2017-07-06 10:12:10,"StartTime: Thu Jul 06 08:29:46 2017"
"index6_logcpuecheck_Sanitation.png","log(observed) vs. log(expected) index values with smoother for Sanitation","Index",2017-07-06 10:12:10,"StartTime: Thu Jul 06 08:29:46 2017"
"index1_cpuedata_NWFSCTrawl.png","Index data for NWFSCTrawl. Lines indicate 95% uncertainty interval around index values. Thicker lines (if present) indicate input uncertainty before addition of estimated additional uncertainty parameter.","Index",2017-07-06 10:12:10,"StartTime: Thu Jul 06 08:29:46 2017"
"index2_cpuefit_NWFSCTrawl.png","Fit to index data for NWFSCTrawl. Lines indicate 95% uncertainty interval around index values. Thicker lines (if present) indicate input uncertainty before addition of estimated additional uncertainty parameter.","Index",2017-07-06 10:12:10,"StartTime: Thu Jul 06 08:29:46 2017"
"index3_cpuecheck_NWFSCTrawl.png","Observed vs. expected index values with smoother for NWFSCTrawl","Index",2017-07-06 10:12:10,"StartTime: Thu Jul 06 08:29:46 2017"
"index4_logcpuedata_NWFSCTrawl.png","Log index data for NWFSCTrawl. Lines indicate 95% uncertainty interval around index values. Thicker lines (if present) indicate input uncertainty before addition of estimated additional uncertainty parameter.","Index",2017-07-06 10:12:10,"StartTime: Thu Jul 06 08:29:46 2017"
"index5_logcpuefit_NWFSCTrawl.png","Fit to log index data on log scale for NWFSCTrawl. Lines indicate 95% uncertainty interval around index values. Thicker lines (if present) indicate input uncertainty before addition of estimated additional uncertainty parameter.","Index",2017-07-06 10:12:10,"StartTime: Thu Jul 06 08:29:46 2017"
"index6_logcpuecheck_NWFSCTrawl.png","log(observed) vs. log(expected) index values with smoother for NWFSCTrawl","Index",2017-07-06 10:12:10,"StartTime: Thu Jul 06 08:29:46 2017"
"index1_cpuedata_GillnetSurvey.png","Index data for GillnetSurvey. Lines indicate 95% uncertainty interval around index values. Thicker lines (if present) indicate input uncertainty before addition of estimated additional uncertainty parameter.","Index",2017-07-06 10:12:10,"StartTime: Thu Jul 06 08:29:46 2017"
"index2_cpuefit_GillnetSurvey.png","Fit to index data for GillnetSurvey. Lines indicate 95% uncertainty interval around index values. Thicker lines (if present) indicate input uncertainty before addition of estimated additional uncertainty parameter.","Index",2017-07-06 10:12:10,"StartTime: Thu Jul 06 08:29:46 2017"
"index3_cpuecheck_GillnetSurvey.png","Observed vs. expected index values with smoother for GillnetSurvey","Index",2017-07-06 10:12:10,"StartTime: Thu Jul 06 08:29:46 2017"
"index4_logcpuedata_GillnetSurvey.png","Log index data for GillnetSurvey. Lines indicate 95% uncertainty interval around index values. Thicker lines (if present) indicate input uncertainty before addition of estimated additional uncertainty parameter.","Index",2017-07-06 10:12:10,"StartTime: Thu Jul 06 08:29:46 2017"
"index5_logcpuefit_GillnetSurvey.png","Fit to log index data on log scale for GillnetSurvey. Lines indicate 95% uncertainty interval around index values. Thicker lines (if present) indicate input uncertainty before addition of estimated additional uncertainty parameter.","Index",2017-07-06 10:12:10,"StartTime: Thu Jul 06 08:29:46 2017"
"index6_logcpuecheck_GillnetSurvey.png","log(observed) vs. log(expected) index values with smoother for GillnetSurvey","Index",2017-07-06 10:12:10,"StartTime: Thu Jul 06 08:29:46 2017"
"index1_cpuedata_SCBSurvey.png","Index data for SCBSurvey. Lines indicate 95% uncertainty interval around index values. Thicker lines (if present) indicate input uncertainty before addition of estimated additional uncertainty parameter.","Index",2017-07-06 10:12:10,"StartTime: Thu Jul 06 08:29:46 2017"
"index2_cpuefit_SCBSurvey.png","Fit to index data for SCBSurvey. Lines indicate 95% uncertainty interval around index values. Thicker lines (if present) indicate input uncertainty before addition of estimated additional uncertainty parameter.","Index",2017-07-06 10:12:10,"StartTime: Thu Jul 06 08:29:46 2017"
"index3_cpuecheck_SCBSurvey.png","Observed vs. expected index values with smoother for SCBSurvey","Index",2017-07-06 10:12:10,"StartTime: Thu Jul 06 08:29:46 2017"
"index4_logcpuedata_SCBSurvey.png","Log index data for SCBSurvey. Lines indicate 95% uncertainty interval around index values. Thicker lines (if present) indicate input uncertainty before addition of estimated additional uncertainty parameter.","Index",2017-07-06 10:12:10,"StartTime: Thu Jul 06 08:29:46 2017"
"index5_logcpuefit_SCBSurvey.png","Fit to log index data on log scale for SCBSurvey. Lines indicate 95% uncertainty interval around index values. Thicker lines (if present) indicate input uncertainty before addition of estimated additional uncertainty parameter.","Index",2017-07-06 10:12:10,"StartTime: Thu Jul 06 08:29:46 2017"
"index6_logcpuecheck_SCBSurvey.png","log(observed) vs. log(expected) index values with smoother for SCBSurvey","Index",2017-07-06 10:12:10,"StartTime: Thu Jul 06 08:29:46 2017"
"index1_cpuedata_RecPCOBR.png","Index data for RecPCOBR. Lines indicate 95% uncertainty interval around index values. Thicker lines (if present) indicate input uncertainty before addition of estimated additional uncertainty parameter.","Index",2017-07-06 10:12:10,"StartTime: Thu Jul 06 08:29:46 2017"
"index2_cpuefit_RecPCOBR.png","Fit to index data for RecPCOBR. Lines indicate 95% uncertainty interval around index values. Thicker lines (if present) indicate input uncertainty before addition of estimated additional uncertainty parameter.","Index",2017-07-06 10:12:10,"StartTime: Thu Jul 06 08:29:46 2017"
"index3_cpuecheck_RecPCOBR.png","Observed vs. expected index values with smoother for RecPCOBR","Index",2017-07-06 10:12:10,"StartTime: Thu Jul 06 08:29:46 2017"
"index4_logcpuedata_RecPCOBR.png","Log index data for RecPCOBR. Lines indicate 95% uncertainty interval around index values. Thicker lines (if present) indicate input uncertainty before addition of estimated additional uncertainty parameter.","Index",2017-07-06 10:12:10,"StartTime: Thu Jul 06 08:29:46 2017"
"index5_logcpuefit_RecPCOBR.png","Fit to log index data on log scale for RecPCOBR. Lines indicate 95% uncertainty interval around index values. Thicker lines (if present) indicate input uncertainty before addition of estimated additional uncertainty parameter.","Index",2017-07-06 10:12:10,"StartTime: Thu Jul 06 08:29:46 2017"
"index6_logcpuecheck_RecPCOBR.png","log(observed) vs. log(expected) index values with smoother for RecPCOBR","Index",2017-07-06 10:12:10,"StartTime: Thu Jul 06 08:29:46 2017"
"index9_standcpueall.png","Standardized indices overlaid","Index",2017-07-06 10:12:10,"StartTime: Thu Jul 06 08:29:46 2017"
"numbers1_sex1_beg.png","Beginning of year expected numbers at age of females in (max ~ 4.7 million)","Numbers",2017-07-06 10:12:10,"StartTime: Thu Jul 06 08:29:46 2017"
"numbers1_sex2_beg.png","Beginning of year expected numbers at age of males in (max ~ 4.7 million)","Numbers",2017-07-06 10:12:10,"StartTime: Thu Jul 06 08:29:46 2017"
"numbers2_meanage_beg.png","Beginning of year mean age in the population","Numbers",2017-07-06 10:12:10,"StartTime: Thu Jul 06 08:29:46 2017"
"numbers1_sex1_mid.png","Middle of year expected numbers at age of females in (max ~ 4.2 million)","Numbers",2017-07-06 10:12:10,"StartTime: Thu Jul 06 08:29:46 2017"
"numbers1_sex2_mid.png","Middle of year expected numbers at age of males in (max ~ 4.3 million)","Numbers",2017-07-06 10:12:10,"StartTime: Thu Jul 06 08:29:46 2017"
"numbers2_meanage_mid.png","Middle of year mean age in the population","Numbers",2017-07-06 10:12:10,"StartTime: Thu Jul 06 08:29:46 2017"
"numbers3_frac_female_age.png","Fraction female in numbers at age","Numbers",2017-07-06 10:12:10,"StartTime: Thu Jul 06 08:29:46 2017"
"numbers6_len_sex1.png","Beginning of year expected numbers at length of females in (max ~ 4.7 million)","Numbers",2017-07-06 10:12:10,"StartTime: Thu Jul 06 08:29:46 2017"
"numbers6_len_sex2.png","Beginning of year expected numbers at length of males in (max ~ 4.7 million)","Numbers",2017-07-06 10:12:10,"StartTime: Thu Jul 06 08:29:46 2017"
"numbers7_meanlen.png","Beginning of year mean length (cm) in the population","Numbers",2017-07-06 10:12:10,"StartTime: Thu Jul 06 08:29:46 2017"
"numbers6_len_sex1.png","Middle of year expected numbers at length of females in (max ~ 2.4 million)","Numbers",2017-07-06 10:12:10,"StartTime: Thu Jul 06 08:29:46 2017"
"numbers6_len_sex2.png","Middle of year expected numbers at length of males in (max ~ 834.2 thousand)","Numbers",2017-07-06 10:12:10,"StartTime: Thu Jul 06 08:29:46 2017"
"numbers7_meanlen.png","Middle of year mean length (cm) in the population","Numbers",2017-07-06 10:12:10,"StartTime: Thu Jul 06 08:29:46 2017"
"numbers8_frac_female_len.png","Fraction female in numbers at length","Numbers",2017-07-06 10:12:10,"StartTime: Thu Jul 06 08:29:46 2017"
"numbers4_equilagecomp.png","Equilibrium age distribution","Numbers",2017-07-06 10:12:10,"StartTime: Thu Jul 06 08:29:46 2017"
"numbers5_ageerrorSD.png","Ageing imprecision: SD of observed age (yr)","Numbers",2017-07-06 10:12:10,"StartTime: Thu Jul 06 08:29:46 2017"
"numbers5_ageerrorMeans.png","Ageing imprecision: Mean observed age (yr)","Numbers",2017-07-06 10:12:10,"StartTime: Thu Jul 06 08:29:46 2017"
"numbers5_ageerror_matrix_1.png","Ageing imprecision: matrix for method 1 <br>(White = 1.0, Orange = 0.5, Red = 0.0)","Numbers",2017-07-06 10:12:10,"StartTime: Thu Jul 06 08:29:46 2017"
"numbers5_ageerror_matrix_2.png","Ageing imprecision: matrix for method 2 <br>(White = 1.0, Orange = 0.5, Red = 0.0)","Numbers",2017-07-06 10:12:10,"StartTime: Thu Jul 06 08:29:46 2017"
"numbers10_ageerror_matrix_1.png","Distribution of observed age at true age 
 for ageing error type 1","Numbers",2017-07-06 10:12:10,"StartTime: Thu Jul 06 08:29:46 2017"
"numbers10_ageerror_matrix_2.png","Distribution of observed age at true age 
 for ageing error type 2","Numbers",2017-07-06 10:12:10,"StartTime: Thu Jul 06 08:29:46 2017"
"comp_lendat_flt1mkt2.png","Length comp data, retained, ComHL","CompDat",2017-07-06 10:12:10,"StartTime: Thu Jul 06 08:29:46 2017"
"comp_lendat_bubflt1mkt2.png","Length comp data, retained, ComHL (max=0.25)","CompDat",2017-07-06 10:12:10,"StartTime: Thu Jul 06 08:29:46 2017"
"comp_lendat_data_weighting_TA1.8_ComHL.png","Mean length for ComHL with 95% confidence intervals based on current samples sizes.","CompDat",2017-07-06 10:12:10,"StartTime: Thu Jul 06 08:29:46 2017"
"comp_lendat_flt2mkt2.png","Length comp data, retained, ComNet","CompDat",2017-07-06 10:12:10,"StartTime: Thu Jul 06 08:29:46 2017"
"comp_lendat_bubflt2mkt2.png","Length comp data, retained, ComNet (max=0.24)","CompDat",2017-07-06 10:12:10,"StartTime: Thu Jul 06 08:29:46 2017"
"comp_lendat_data_weighting_TA1.8_ComNet.png","Mean length for ComNet with 95% confidence intervals based on current samples sizes.","CompDat",2017-07-06 10:12:10,"StartTime: Thu Jul 06 08:29:46 2017"
"comp_lendat_flt3mkt2.png","Length comp data, retained, ComTrawl","CompDat",2017-07-06 10:12:10,"StartTime: Thu Jul 06 08:29:46 2017"
"comp_lendat_bubflt3mkt2.png","Length comp data, retained, ComTrawl (max=0.24)","CompDat",2017-07-06 10:12:10,"StartTime: Thu Jul 06 08:29:46 2017"
"comp_lendat_data_weighting_TA1.8_ComTrawl.png","Mean length for ComTrawl with 95% confidence intervals based on current samples sizes.","CompDat",2017-07-06 10:12:10,"StartTime: Thu Jul 06 08:29:46 2017"
"comp_lendat_flt4mkt2.png","Length comp data, retained, RecPR","CompDat",2017-07-06 10:12:10,"StartTime: Thu Jul 06 08:29:46 2017"
"comp_lendat_bubflt4mkt2.png","Length comp data, retained, RecPR (max=0.19)","CompDat",2017-07-06 10:12:10,"StartTime: Thu Jul 06 08:29:46 2017"
"comp_lendat_data_weighting_TA1.8_RecPR.png","Mean length for RecPR with 95% confidence intervals based on current samples sizes.","CompDat",2017-07-06 10:12:10,"StartTime: Thu Jul 06 08:29:46 2017"
"comp_lendat_flt5mkt2_page1.png","Length comp data, retained, RecPC (plot 1 of 2)","CompDat",2017-07-06 10:12:10,"StartTime: Thu Jul 06 08:29:46 2017"
"comp_lendat_flt5mkt2_page2.png","Length comp data, retained, RecPC (plot 1 of 2) (plot 2 of 2)","CompDat",2017-07-06 10:12:10,"StartTime: Thu Jul 06 08:29:46 2017"
"comp_lendat_bubflt5mkt2_page2.png","Length comp data, retained, RecPC (max=0.18) (plot 2 of 2)","CompDat",2017-07-06 10:12:10,"StartTime: Thu Jul 06 08:29:46 2017"
"comp_lendat_data_weighting_TA1.8_RecPC.png","Mean length for RecPC with 95% confidence intervals based on current samples sizes.","CompDat",2017-07-06 10:12:10,"StartTime: Thu Jul 06 08:29:46 2017"
"comp_lendat_flt6mkt2.png","Length comp data, retained, RecDD","CompDat",2017-07-06 10:12:10,"StartTime: Thu Jul 06 08:29:46 2017"
"comp_lendat_bubflt6mkt2.png","Length comp data, retained, RecDD (max=0.32)","CompDat",2017-07-06 10:12:10,"StartTime: Thu Jul 06 08:29:46 2017"
"comp_lendat_data_weighting_TA1.8_RecDD.png","Mean length for RecDD with 95% confidence intervals based on current samples sizes.","CompDat",2017-07-06 10:12:10,"StartTime: Thu Jul 06 08:29:46 2017"
"comp_lendat_flt7mkt2_page1.png","Length comp data, retained, Sanitation (plot 1 of 2)","CompDat",2017-07-06 10:12:10,"StartTime: Thu Jul 06 08:29:46 2017"
"comp_lendat_flt7mkt2_page2.png","Length comp data, retained, Sanitation (plot 1 of 2) (plot 2 of 2)","CompDat",2017-07-06 10:12:10,"StartTime: Thu Jul 06 08:29:46 2017"
"comp_lendat_bubflt7mkt2_page2.png","Length comp data, retained, Sanitation (max=0.78) (plot 2 of 2)","CompDat",2017-07-06 10:12:10,"StartTime: Thu Jul 06 08:29:46 2017"
"comp_lendat_data_weighting_TA1.8_Sanitation.png","Mean length for Sanitation with 95% confidence intervals based on current samples sizes.","CompDat",2017-07-06 10:12:10,"StartTime: Thu Jul 06 08:29:46 2017"
"comp_lendat_flt8mkt0.png","Length comp data, whole catch, NWFSCTrawl","CompDat",2017-07-06 10:12:10,"StartTime: Thu Jul 06 08:29:46 2017"
"comp_lendat_bubflt8mkt0.png","Length comp data, whole catch, NWFSCTrawl (max=0.21)","CompDat",2017-07-06 10:12:10,"StartTime: Thu Jul 06 08:29:46 2017"
"comp_lendat_data_weighting_TA1.8_NWFSCTrawl.png","Mean length for NWFSCTrawl with 95% confidence intervals based on current samples sizes.","CompDat",2017-07-06 10:12:10,"StartTime: Thu Jul 06 08:29:46 2017"
"comp_lendat_flt9mkt2.png","Length comp data, retained, GillnetSurvey","CompDat",2017-07-06 10:12:10,"StartTime: Thu Jul 06 08:29:46 2017"
"comp_lendat_bubflt9mkt2.png","Length comp data, retained, GillnetSurvey (max=0.2)","CompDat",2017-07-06 10:12:10,"StartTime: Thu Jul 06 08:29:46 2017"
"comp_lendat_data_weighting_TA1.8_GillnetSurvey.png","Mean length for GillnetSurvey with 95% confidence intervals based on current samples sizes.","CompDat",2017-07-06 10:12:10,"StartTime: Thu Jul 06 08:29:46 2017"
"comp_lendat_flt10mkt2.png","Length comp data, retained, Impingement","CompDat",2017-07-06 10:12:10,"StartTime: Thu Jul 06 08:29:46 2017"
"comp_lendat_bubflt10mkt2.png","Length comp data, retained, Impingement (max=0.26)","CompDat",2017-07-06 10:12:10,"StartTime: Thu Jul 06 08:29:46 2017"
"comp_lendat_data_weighting_TA1.8_Impingement.png","Mean length for Impingement with 95% confidence intervals based on current samples sizes.","CompDat",2017-07-06 10:12:10,"StartTime: Thu Jul 06 08:29:46 2017"
"comp_lendat_flt11mkt2.png","Length comp data, retained, SCBSurvey","CompDat",2017-07-06 10:12:10,"StartTime: Thu Jul 06 08:29:46 2017"
"comp_lendat_bubflt11mkt2.png","Length comp data, retained, SCBSurvey (max=0.2)","CompDat",2017-07-06 10:12:10,"StartTime: Thu Jul 06 08:29:46 2017"
"comp_lendat_data_weighting_TA1.8_SCBSurvey.png","Mean length for SCBSurvey with 95% confidence intervals based on current samples sizes.","CompDat",2017-07-06 10:12:10,"StartTime: Thu Jul 06 08:29:46 2017"
"comp_lendat__aggregated_across_time.png","Length comp data, aggregated across time by fleet.
 <br> Labels 'retained' and 'discard' indicate discarded or retained sampled for each fleet. Panels without this designation represent the whole catch.
","CompDat",2017-07-06 10:12:10,"StartTime: Thu Jul 06 08:29:46 2017"
"comp_lendat__page1_multi-fleet_comparison.png","Length comp data,  comparing across fleets (plot 1 of 2)","CompDat",2017-07-06 10:12:10,"StartTime: Thu Jul 06 08:29:46 2017"
"comp_lendat__page2_multi-fleet_comparison.png","Length comp data,  comparing across fleets (plot 2 of 2)","CompDat",2017-07-06 10:12:10,"StartTime: Thu Jul 06 08:29:46 2017"
"comp_condAALdat_bubflt8mkt0_page1.png","Conditional age-at-length data, whole catch, NWFSCTrawl (max=1) (plot 1 of 2)","CompDat",2017-07-06 10:12:10,"StartTime: Thu Jul 06 08:29:46 2017"
"comp_condAALdat_bubflt8mkt0_page2.png","Conditional age-at-length data, whole catch, NWFSCTrawl (max=1) (plot 1 of 2) (plot 2 of 2)","CompDat",2017-07-06 10:12:10,"StartTime: Thu Jul 06 08:29:46 2017"
"comp_condAALdat_data_weighting_TA1.8_condAgeNWFSCTrawl.png","Mean age from conditional data (aggregated across length bins) for NWFSCTrawl with 95% confidence intervals  based on current samples sizes.","CompDat",2017-07-06 10:12:10,"StartTime: Thu Jul 06 08:29:46 2017"
"comp_condAALdat_Andre_plotsflt8mkt0_page1.png","Conditional AAL plot, whole catch, NWFSCTrawl (plot 1 of 4)
These plots show mean age and std. dev. in conditional A@L.<br>Left plots are mean A@L by size-class (obs. and pred.) with 90% CIs based on adding 1.64 SE of mean to the data.<br>Right plots in each pair are SE of mean A@L (obs. and pred.) with 90% CIs based on the chi-square distribution.","CompDat",2017-07-06 10:12:10,"StartTime: Thu Jul 06 08:29:46 2017"
"comp_condAALdat_Andre_plotsflt8mkt0_page2.png","Conditional AAL plot, whole catch, NWFSCTrawl (plot 2 of 4)","CompDat",2017-07-06 10:12:10,"StartTime: Thu Jul 06 08:29:46 2017"
"comp_condAALdat_Andre_plotsflt8mkt0_page3.png","Conditional AAL plot, whole catch, NWFSCTrawl (plot 3 of 4)","CompDat",2017-07-06 10:12:10,"StartTime: Thu Jul 06 08:29:46 2017"
"comp_condAALdat_Andre_plotsflt8mkt0_page4.png","Conditional AAL plot, whole catch, NWFSCTrawl (plot 4 of 4)","CompDat",2017-07-06 10:12:10,"StartTime: Thu Jul 06 08:29:46 2017"
"comp_lenfit_flt1mkt2.png","Length comps, retained, ComHL","LenComp",2017-07-06 10:12:10,"StartTime: Thu Jul 06 08:29:46 2017"
"comp_lenfit_residsflt1mkt2.png","Pearson residuals, retained, ComHL (max=2.48) <br> 
Closed bubbles are positive residuals (observed > expected) and open bubbles are negative residuals (observed < expected).","LenComp",2017-07-06 10:12:10,"StartTime: Thu Jul 06 08:29:46 2017"
"comp_lenfit_sampsize_flt1mkt2.png","N-EffN comparison, Length comps, retained, ComHL","LenComp",2017-07-06 10:12:10,"StartTime: Thu Jul 06 08:29:46 2017"
"comp_lenfit_data_weighting_TA1.8_ComHL.png","Mean length for ComHL with 95% confidence intervals based on current samples sizes.<br>Francis data weighting method TA1.8: thinner intervals (with capped ends) show result of further adjusting sample sizes based on suggested multiplier (with 95% interval) for len data from ComHL:<br>0.8141 (0.5544-91.2362) <br><br>For more info, see<br> <blockquote>Francis, R.I.C.C. (2011). Data weighting in statistical fisheries stock assessment models. <i>Can. J. Fish. Aquat. Sci.</i> 68: 1124-1138.</blockquote>","LenComp",2017-07-06 10:12:10,"StartTime: Thu Jul 06 08:29:46 2017"
"comp_lenfit_flt2mkt2.png","Length comps, retained, ComNet","LenComp",2017-07-06 10:12:10,"StartTime: Thu Jul 06 08:29:46 2017"
"comp_lenfit_residsflt2mkt2.png","Pearson residuals, retained, ComNet (max=3.88) <br> 
Closed bubbles are positive residuals (observed > expected) and open bubbles are negative residuals (observed < expected).","LenComp",2017-07-06 10:12:10,"StartTime: Thu Jul 06 08:29:46 2017"
"comp_lenfit_sampsize_flt2mkt2.png","N-EffN comparison, Length comps, retained, ComNet","LenComp",2017-07-06 10:12:10,"StartTime: Thu Jul 06 08:29:46 2017"
"comp_lenfit_data_weighting_TA1.8_ComNet.png","Mean length for ComNet with 95% confidence intervals based on current samples sizes.<br>Francis data weighting method TA1.8: thinner intervals (with capped ends) show result of further adjusting sample sizes based on suggested multiplier (with 95% interval) for len data from ComNet:<br>1.0853 (0.6987-5.9955) <br><br>For more info, see<br> <blockquote>Francis, R.I.C.C. (2011). Data weighting in statistical fisheries stock assessment models. <i>Can. J. Fish. Aquat. Sci.</i> 68: 1124-1138.</blockquote>","LenComp",2017-07-06 10:12:10,"StartTime: Thu Jul 06 08:29:46 2017"
"comp_lenfit_flt3mkt2.png","Length comps, retained, ComTrawl","LenComp",2017-07-06 10:12:10,"StartTime: Thu Jul 06 08:29:46 2017"
"comp_lenfit_residsflt3mkt2.png","Pearson residuals, retained, ComTrawl (max=2.26) <br> 
Closed bubbles are positive residuals (observed > expected) and open bubbles are negative residuals (observed < expected).","LenComp",2017-07-06 10:12:10,"StartTime: Thu Jul 06 08:29:46 2017"
"comp_lenfit_sampsize_flt3mkt2.png","N-EffN comparison, Length comps, retained, ComTrawl","LenComp",2017-07-06 10:12:10,"StartTime: Thu Jul 06 08:29:46 2017"
"comp_lenfit_data_weighting_TA1.8_ComTrawl.png","Mean length for ComTrawl with 95% confidence intervals based on current samples sizes.<br>Francis data weighting method TA1.8: thinner intervals (with capped ends) show result of further adjusting sample sizes based on suggested multiplier (with 95% interval) for len data from ComTrawl:<br>0.8064 (0.5723-2.9003) <br><br>For more info, see<br> <blockquote>Francis, R.I.C.C. (2011). Data weighting in statistical fisheries stock assessment models. <i>Can. J. Fish. Aquat. Sci.</i> 68: 1124-1138.</blockquote>","LenComp",2017-07-06 10:12:10,"StartTime: Thu Jul 06 08:29:46 2017"
"comp_lenfit_flt4mkt2.png","Length comps, retained, RecPR","LenComp",2017-07-06 10:12:10,"StartTime: Thu Jul 06 08:29:46 2017"
"comp_lenfit_residsflt4mkt2.png","Pearson residuals, retained, RecPR (max=5.95) <br> 
Closed bubbles are positive residuals (observed > expected) and open bubbles are negative residuals (observed < expected).","LenComp",2017-07-06 10:12:10,"StartTime: Thu Jul 06 08:29:46 2017"
"comp_lenfit_sampsize_flt4mkt2.png","N-EffN comparison, Length comps, retained, RecPR","LenComp",2017-07-06 10:12:10,"StartTime: Thu Jul 06 08:29:46 2017"
"comp_lenfit_data_weighting_TA1.8_RecPR.png","Mean length for RecPR with 95% confidence intervals based on current samples sizes.<br>Francis data weighting method TA1.8: thinner intervals (with capped ends) show result of further adjusting sample sizes based on suggested multiplier (with 95% interval) for len data from RecPR:<br>1.0675 (0.7444-1.7934) <br><br>For more info, see<br> <blockquote>Francis, R.I.C.C. (2011). Data weighting in statistical fisheries stock assessment models. <i>Can. J. Fish. Aquat. Sci.</i> 68: 1124-1138.</blockquote>","LenComp",2017-07-06 10:12:10,"StartTime: Thu Jul 06 08:29:46 2017"
"comp_lenfit_flt5mkt2_page1.png","Length comps, retained, RecPC (plot 1 of 2)","LenComp",2017-07-06 10:12:10,"StartTime: Thu Jul 06 08:29:46 2017"
"comp_lenfit_flt5mkt2_page2.png","Length comps, retained, RecPC (plot 1 of 2) (plot 2 of 2)","LenComp",2017-07-06 10:12:10,"StartTime: Thu Jul 06 08:29:46 2017"
"comp_lenfit_residsflt5mkt2_page2.png","Pearson residuals, retained, RecPC (max=3.32) (plot 2 of 2) <br> 
Closed bubbles are positive residuals (observed > expected) and open bubbles are negative residuals (observed < expected).","LenComp",2017-07-06 10:12:10,"StartTime: Thu Jul 06 08:29:46 2017"
"comp_lenfit_sampsize_flt5mkt2.png","N-EffN comparison, Length comps, retained, RecPC","LenComp",2017-07-06 10:12:10,"StartTime: Thu Jul 06 08:29:46 2017"
"comp_lenfit_data_weighting_TA1.8_RecPC.png","Mean length for RecPC with 95% confidence intervals based on current samples sizes.<br>Francis data weighting method TA1.8: thinner intervals (with capped ends) show result of further adjusting sample sizes based on suggested multiplier (with 95% interval) for len data from RecPC:<br>0.8322 (0.539-1.8303) <br><br>For more info, see<br> <blockquote>Francis, R.I.C.C. (2011). Data weighting in statistical fisheries stock assessment models. <i>Can. J. Fish. Aquat. Sci.</i> 68: 1124-1138.</blockquote>","LenComp",2017-07-06 10:12:10,"StartTime: Thu Jul 06 08:29:46 2017"
"comp_lenfit_flt6mkt2.png","Length comps, retained, RecDD","LenComp",2017-07-06 10:12:10,"StartTime: Thu Jul 06 08:29:46 2017"
"comp_lenfit_residsflt6mkt2.png","Pearson residuals, retained, RecDD (max=3.37) <br> 
Closed bubbles are positive residuals (observed > expected) and open bubbles are negative residuals (observed < expected).","LenComp",2017-07-06 10:12:10,"StartTime: Thu Jul 06 08:29:46 2017"
"comp_lenfit_sampsize_flt6mkt2.png","N-EffN comparison, Length comps, retained, RecDD","LenComp",2017-07-06 10:12:10,"StartTime: Thu Jul 06 08:29:46 2017"
"comp_lenfit_data_weighting_TA1.8_RecDD.png","Mean length for RecDD with 95% confidence intervals based on current samples sizes.<br>Francis data weighting method TA1.8: thinner intervals (with capped ends) show result of further adjusting sample sizes based on suggested multiplier (with 95% interval) for len data from RecDD:<br>0.9798 (0.7326-1.8756) <br><br>For more info, see<br> <blockquote>Francis, R.I.C.C. (2011). Data weighting in statistical fisheries stock assessment models. <i>Can. J. Fish. Aquat. Sci.</i> 68: 1124-1138.</blockquote>","LenComp",2017-07-06 10:12:10,"StartTime: Thu Jul 06 08:29:46 2017"
"comp_lenfit_flt7mkt2_page1.png","Length comps, retained, Sanitation (plot 1 of 2)","LenComp",2017-07-06 10:12:10,"StartTime: Thu Jul 06 08:29:46 2017"
"comp_lenfit_flt7mkt2_page2.png","Length comps, retained, Sanitation (plot 1 of 2) (plot 2 of 2)","LenComp",2017-07-06 10:12:10,"StartTime: Thu Jul 06 08:29:46 2017"
"comp_lenfit_residsflt7mkt2_page2.png","Pearson residuals, retained, Sanitation (max=12.23) (plot 2 of 2) <br> 
Closed bubbles are positive residuals (observed > expected) and open bubbles are negative residuals (observed < expected).","LenComp",2017-07-06 10:12:10,"StartTime: Thu Jul 06 08:29:46 2017"
"comp_lenfit_sampsize_flt7mkt2.png","N-EffN comparison, Length comps, retained, Sanitation","LenComp",2017-07-06 10:12:10,"StartTime: Thu Jul 06 08:29:46 2017"
"comp_lenfit_data_weighting_TA1.8_Sanitation.png","Mean length for Sanitation with 95% confidence intervals based on current samples sizes.<br>Francis data weighting method TA1.8: thinner intervals (with capped ends) show result of further adjusting sample sizes based on suggested multiplier (with 95% interval) for len data from Sanitation:<br>0.8663 (0.6238-1.3842) <br><br>For more info, see<br> <blockquote>Francis, R.I.C.C. (2011). Data weighting in statistical fisheries stock assessment models. <i>Can. J. Fish. Aquat. Sci.</i> 68: 1124-1138.</blockquote>","LenComp",2017-07-06 10:12:10,"StartTime: Thu Jul 06 08:29:46 2017"
"comp_lenfit_flt8mkt0.png","Length comps, whole catch, NWFSCTrawl","LenComp",2017-07-06 10:12:10,"StartTime: Thu Jul 06 08:29:46 2017"
"comp_lenfit_residsflt8mkt0.png","Pearson residuals, whole catch, NWFSCTrawl (max=2.1) <br> 
Closed bubbles are positive residuals (observed > expected) and open bubbles are negative residuals (observed < expected).","LenComp",2017-07-06 10:12:10,"StartTime: Thu Jul 06 08:29:46 2017"
"comp_lenfit_sampsize_flt8mkt0.png","N-EffN comparison, Length comps, whole catch, NWFSCTrawl","LenComp",2017-07-06 10:12:10,"StartTime: Thu Jul 06 08:29:46 2017"
"comp_lenfit_data_weighting_TA1.8_NWFSCTrawl.png","Mean length for NWFSCTrawl with 95% confidence intervals based on current samples sizes.<br>Francis data weighting method TA1.8: thinner intervals (with capped ends) show result of further adjusting sample sizes based on suggested multiplier (with 95% interval) for len data from NWFSCTrawl:<br>0.9072 (0.5782-2.2659) <br><br>For more info, see<br> <blockquote>Francis, R.I.C.C. (2011). Data weighting in statistical fisheries stock assessment models. <i>Can. J. Fish. Aquat. Sci.</i> 68: 1124-1138.</blockquote>","LenComp",2017-07-06 10:12:10,"StartTime: Thu Jul 06 08:29:46 2017"
"comp_lenfit_flt9mkt2.png","Length comps, retained, GillnetSurvey","LenComp",2017-07-06 10:12:10,"StartTime: Thu Jul 06 08:29:46 2017"
"comp_lenfit_residsflt9mkt2.png","Pearson residuals, retained, GillnetSurvey (max=5.52) <br> 
Closed bubbles are positive residuals (observed > expected) and open bubbles are negative residuals (observed < expected).","LenComp",2017-07-06 10:12:10,"StartTime: Thu Jul 06 08:29:46 2017"
"comp_lenfit_sampsize_flt9mkt2.png","N-EffN comparison, Length comps, retained, GillnetSurvey","LenComp",2017-07-06 10:12:10,"StartTime: Thu Jul 06 08:29:46 2017"
"comp_lenfit_data_weighting_TA1.8_GillnetSurvey.png","Mean length for GillnetSurvey with 95% confidence intervals based on current samples sizes.<br>Francis data weighting method TA1.8: thinner intervals (with capped ends) show result of further adjusting sample sizes based on suggested multiplier (with 95% interval) for len data from GillnetSurvey:<br>0.9781 (0.5862-3.3301) <br><br>For more info, see<br> <blockquote>Francis, R.I.C.C. (2011). Data weighting in statistical fisheries stock assessment models. <i>Can. J. Fish. Aquat. Sci.</i> 68: 1124-1138.</blockquote>","LenComp",2017-07-06 10:12:10,"StartTime: Thu Jul 06 08:29:46 2017"
"comp_lenfit_flt10mkt2.png","Length comps, retained, Impingement","LenComp",2017-07-06 10:12:10,"StartTime: Thu Jul 06 08:29:46 2017"
"comp_lenfit_residsflt10mkt2.png","Pearson residuals, retained, Impingement (max=9.19) <br> 
Closed bubbles are positive residuals (observed > expected) and open bubbles are negative residuals (observed < expected).","LenComp",2017-07-06 10:12:10,"StartTime: Thu Jul 06 08:29:46 2017"
"comp_lenfit_sampsize_flt10mkt2.png","N-EffN comparison, Length comps, retained, Impingement","LenComp",2017-07-06 10:12:10,"StartTime: Thu Jul 06 08:29:46 2017"
"comp_lenfit_data_weighting_TA1.8_Impingement.png","Mean length for Impingement with 95% confidence intervals based on current samples sizes.<br>Francis data weighting method TA1.8: thinner intervals (with capped ends) show result of further adjusting sample sizes based on suggested multiplier (with 95% interval) for len data from Impingement:<br>0.9375 (0.7055-1.4892) <br><br>For more info, see<br> <blockquote>Francis, R.I.C.C. (2011). Data weighting in statistical fisheries stock assessment models. <i>Can. J. Fish. Aquat. Sci.</i> 68: 1124-1138.</blockquote>","LenComp",2017-07-06 10:12:10,"StartTime: Thu Jul 06 08:29:46 2017"
"comp_lenfit_flt11mkt2.png","Length comps, retained, SCBSurvey","LenComp",2017-07-06 10:12:10,"StartTime: Thu Jul 06 08:29:46 2017"
"comp_lenfit_residsflt11mkt2.png","Pearson residuals, retained, SCBSurvey (max=13.27) <br> 
Closed bubbles are positive residuals (observed > expected) and open bubbles are negative residuals (observed < expected).","LenComp",2017-07-06 10:12:10,"StartTime: Thu Jul 06 08:29:46 2017"
"comp_lenfit_sampsize_flt11mkt2.png","N-EffN comparison, Length comps, retained, SCBSurvey","LenComp",2017-07-06 10:12:10,"StartTime: Thu Jul 06 08:29:46 2017"
"comp_lenfit_data_weighting_TA1.8_SCBSurvey.png","Mean length for SCBSurvey with 95% confidence intervals based on current samples sizes.<br>Francis data weighting method TA1.8: thinner intervals (with capped ends) show result of further adjusting sample sizes based on suggested multiplier (with 95% interval) for len data from SCBSurvey:<br>1.1829 (0.6577-9.4622) <br><br>For more info, see<br> <blockquote>Francis, R.I.C.C. (2011). Data weighting in statistical fisheries stock assessment models. <i>Can. J. Fish. Aquat. Sci.</i> 68: 1124-1138.</blockquote>","LenComp",2017-07-06 10:12:10,"StartTime: Thu Jul 06 08:29:46 2017"
"comp_lenfit__aggregated_across_time.png","Length comps, aggregated across time by fleet.
 <br> Labels 'retained' and 'discard' indicate discarded or retained sampled for each fleet. Panels without this designation represent the whole catch.
","LenComp",2017-07-06 10:12:10,"StartTime: Thu Jul 06 08:29:46 2017"
"comp_lenfit__page1_multi-fleet_comparison.png","Pearson residuals,  comparing across fleets (plot 1 of 2) <br> 
Closed bubbles are positive residuals (observed > expected) and open bubbles are negative residuals (observed < expected).","LenComp",2017-07-06 10:12:10,"StartTime: Thu Jul 06 08:29:46 2017"
"comp_lenfit__page2_multi-fleet_comparison.png","Pearson residuals,  comparing across fleets (plot 2 of 2)","LenComp",2017-07-06 10:12:10,"StartTime: Thu Jul 06 08:29:46 2017"
"comp_condAALfit_residsflt8mkt0_page1.png","Pearson residuals, whole catch, NWFSCTrawl (max=15.28) (plot 1 of 2)","A@LComp",2017-07-06 10:12:10,"StartTime: Thu Jul 06 08:29:46 2017"
"comp_condAALfit_residsflt8mkt0_page2.png","Pearson residuals, whole catch, NWFSCTrawl (max=15.28) (plot 1 of 2) (plot 2 of 2)","A@LComp",2017-07-06 10:12:10,"StartTime: Thu Jul 06 08:29:46 2017"
"comp_condAALfit_data_weighting_TA1.8_condAgeNWFSCTrawl.png","Mean age from conditional data (aggregated across length bins) for NWFSCTrawl with 95% confidence intervals  based on current samples sizes.<br>Francis data weighting method TA1.8: thinner intervals (with capped ends) show result of further adjusting sample sizes based on suggested multiplier (with 95% interval) for conditional age-at-length data from NWFSCTrawl:<br>0.9356 (0.5037-4.0914) <br><br>For more info, see<br> <blockquote>Francis, R.I.C.C. (2011). Data weighting in statistical fisheries stock assessment models. <i>Can. J. Fish. Aquat. Sci.</i> 68: 1124-1138.</blockquote>","A@LComp",2017-07-06 10:12:10,"StartTime: Thu Jul 06 08:29:46 2017"
"comp_condAALfit_Andre_plotsflt8mkt0_page1.png","Conditional AAL plot, whole catch, NWFSCTrawl (plot 1 of 4)
These plots show mean age and std. dev. in conditional A@L.<br>Left plots are mean A@L by size-class (obs. and pred.) with 90% CIs based on adding 1.64 SE of mean to the data.<br>Right plots in each pair are SE of mean A@L (obs. and pred.) with 90% CIs based on the chi-square distribution.","A@LComp",2017-07-06 10:12:10,"StartTime: Thu Jul 06 08:29:46 2017"
"comp_condAALfit_Andre_plotsflt8mkt0_page2.png","Conditional AAL plot, whole catch, NWFSCTrawl (plot 2 of 4)","A@LComp",2017-07-06 10:12:10,"StartTime: Thu Jul 06 08:29:46 2017"
"comp_condAALfit_Andre_plotsflt8mkt0_page3.png","Conditional AAL plot, whole catch, NWFSCTrawl (plot 3 of 4)","A@LComp",2017-07-06 10:12:10,"StartTime: Thu Jul 06 08:29:46 2017"
"comp_condAALfit_Andre_plotsflt8mkt0_page4.png","Conditional AAL plot, whole catch, NWFSCTrawl (plot 4 of 4)","A@LComp",2017-07-06 10:12:10,"StartTime: Thu Jul 06 08:29:46 2017"
"yield1_yield_curve.png","Yield curve","Yield",2017-07-06 10:12:10,"StartTime: Thu Jul 06 08:29:46 2017"
"yield2_Hilborn_surplus_production.png","Surplus production plot. For interpretation, see<br> <blockquote>Walters, Hilborn, and  Christensen, 2008, Surplus production dynamics in declining and recovering fish populations. <i>Can. J. Fish. Aquat. Sci.</i> 65: 2536-2551.</blockquote>","Yield",2017-07-06 10:12:10,"StartTime: Thu Jul 06 08:29:46 2017"
"data_plot.png","Data presence by year for each fleet","Data",2017-07-06 10:12:10,"StartTime: Thu Jul 06 08:29:46 2017"
"data_plot2.png","Data presence by year for each fleet, where circle area is relative <br>  within a data type, and proportional to precision for indices and compositions, <br>  and absolute catch for catches.<br>  Note that since the circles are are scaled relative to maximum,<br>  scaling within separate plots should not be compared.","Data",2017-07-06 10:12:10,"StartTime: Thu Jul 06 08:29:46 2017"
